SampleId	gtdb_r207_NR	gtdb_r207_amoA	gtdb_r207_amoB	gtdb_r207_amoC	gtdb_r207_anfD	gtdb_r207_anfG	gtdb_r207_anfH	gtdb_r207_anfK	gtdb_r207_asnB	gtdb_r207_gdhA	gtdb_r207_glnA	gtdb_r207_gltB	gtdb_r207_gltD	gtdb_r207_gudB	gtdb_r207_hao	gtdb_r207_hcp	gtdb_r207_hzo	gtdb_r207_hzsA	gtdb_r207_hzsB	gtdb_r207_hzsC	gtdb_r207_napA	gtdb_r207_napB	gtdb_r207_narG_nxrA	gtdb_r207_narH_nxrB	gtdb_r207_narI	gtdb_r207_narJ	gtdb_r207_nasA	gtdb_r207_nasB	gtdb_r207_nifD	gtdb_r207_nifH	gtdb_r207_nifK	gtdb_r207_nirA	gtdb_r207_nirB	gtdb_r207_nirD	gtdb_r207_nirK	gtdb_r207_nirS	gtdb_r207_norB	gtdb_r207_nosZ	gtdb_r207_nrfA	gtdb_r207_nrfH	gtdb_r207_vnfD	gtdb_r207_vnfG	gtdb_r207_vnfH	gtdb_r207_vnfK	read_pair_count
0_SD7449_H041_pH7	1740	30	53	63	19	0	1045	10	10583	2821	8198	13852	7816	4766	94	27	61	293	241	1560	4735	92	1711	1396	244	126	10433	5717	24	1127	17	2269	3781	177	995	148	644	1047	1144	653	15	2	1042	11	29733981
1_SD7450_H042_pH7	5080	156	188	274	55	1	2678	42	32319	8495	24330	40482	21383	15508	342	65	157	568	505	4063	11810	212	6841	5216	895	443	28209	14743	56	2909	57	6207	9134	481	3144	593	1644	3821	2431	1626	36	0	2606	45	88559703
2_SD7451_H043_pH7	2033	39	54	65	81	0	1139	57	13240	3587	9330	16267	9369	6057	113	57	99	313	262	1769	5498	121	2380	1939	327	150	12666	6074	117	1206	97	2549	4008	199	1204	306	803	1587	1583	932	59	2	1111	59	34555550
3_SD7452_H044_pH7	734	18	51	52	7	0	433	7	4705	1300	3337	5599	3370	2082	81	15	38	147	97	739	2116	58	744	648	111	56	4634	2397	6	462	14	943	1550	77	503	77	269	456	456	293	6	1	415	7	11859306
4_SD7453_H045_pH7	670	13	34	26	16	0	372	8	4268	1174	2777	4510	3024	1965	38	10	24	122	90	626	1811	27	613	559	68	21	4075	2032	17	392	7	835	1347	57	380	71	248	396	468	328	14	2	361	8	9936466
5_SD7454_H046_pH7	2350	81	135	128	21	0	1203	21	14026	3751	11100	19097	10155	6485	217	25	77	299	252	1942	6290	144	2623	1966	331	180	13874	7676	39	1279	35	2892	5072	254	1445	251	814	1362	1626	929	18	1	1182	21	40965374
6_SD7455_H048_pH7	1093	24	31	56	10	0	669	9	6936	1929	5572	9809	5566	3097	76	11	49	203	118	1110	3436	91	1265	913	164	90	7493	4297	16	710	15	1587	2838	125	671	115	421	707	797	482	10	1	657	9	20444556
7_SD7456_H049_pH7	1147	17	29	35	8	0	621	5	7314	2036	5323	9032	5340	3307	57	20	41	191	158	1013	3147	83	1160	961	115	53	7162	3541	10	690	10	1447	2271	95	633	140	396	705	902	502	6	2	606	5	20084582
8_SD7458_H051_pH7	1939	49	70	117	14	0	1042	8	12255	3308	NA	15355	8174	5711	113	18	61	295	196	1833	4764	96	2028	1724	264	132	11176	5757	18	1130	22	2468	3703	192	1138	174	639	1234	1106	681	12	2	1024	11	35394046
9_SD7460_H053_pH7	1700	29	58	58	29	1	1037	13	11790	3112	8410	14131	8342	5379	116	21	67	283	244	1441	5018	135	1951	1585	255	148	11210	6524	35	1106	22	2304	4458	240	1049	224	705	1143	1300	805	24	5	1003	13	31375344
10_SD7461_H054_pH7	1499	20	28	33	15	0	867	27	9810	2694	7405	11526	6922	4546	63	13	41	224	194	1278	4171	98	1879	1455	235	145	9360	4971	26	916	37	1960	3213	200	925	174	480	966	1006	717	13	6	829	29	24741159
11_SD7462_H055_pH7	3263	66	91	115	12	0	1777	13	21951	5835	15503	24360	14223	9925	129	31	75	437	356	2657	8265	177	3767	3046	545	307	18886	9510	16	1914	26	3920	6073	300	1924	389	1102	2284	2035	1277	10	4	1729	13	51525961
12_SD7463_H056_pH7	663	14	14	23	8	4	435	9	4213	1182	2980	4574	3118	1819	38	8	32	132	83	600	1932	35	847	635	97	75	4290	2092	11	456	11	827	1388	75	353	108	246	406	405	294	6	3	415	13	9918540
13_SD7464_H057_pH7	4485	78	94	168	53	0	2147	30	26435	6860	19938	34493	18302	12562	251	51	106	521	422	3317	10948	275	4309	3516	486	241	25834	13388	74	2348	45	5386	8735	438	2352	499	1486	2887	3337	1891	39	5	2113	34	76644150
14_SD7465_H058_pH7	6054	102	139	208	43	2	2827	43	35841	9185	27220	46678	24710	17458	235	82	157	729	596	4178	14532	405	5381	4667	733	374	33671	17748	65	3077	68	6959	11798	665	3225	663	1728	3707	4672	2421	28	1	2756	44	99568062
16_SD7467_H061_pH6.5	1074	39	64	66	9	0	573	4	6652	1848	4707	7925	4837	2998	89	10	54	173	169	1095	2964	54	1073	943	132	80	6556	3332	9	611	9	1387	2237	108	614	117	371	721	657	448	8	1	560	4	16782882
17_SD7468_H062_pH6.5	1232	39	73	75	16	0	668	11	7533	2068	5726	9218	5591	3402	100	11	52	188	132	1192	3374	80	1460	1079	178	84	7643	4237	18	693	25	1601	2761	132	851	133	413	841	704	506	14	0	642	13	20212238
18_SD7469_H063_pH6.5	4211	177	222	322	49	1	2002	41	24008	6543	18551	32559	17304	11290	411	39	152	521	423	3495	9747	280	4690	3718	551	288	22999	12013	71	2153	70	4972	7727	372	2333	344	1430	2464	2075	1358	34	3	1949	43	69181373
19_SD7470_H065_pH6.5	1084	49	49	59	17	0	646	6	7279	1870	5282	8541	5130	3204	90	9	41	207	124	1104	3133	68	1287	969	173	75	6851	3636	17	695	16	1471	2357	128	789	114	420	729	562	442	9	0	621	9	19250985
20_SD7471_H067_pH6.5	2835	73	85	155	25	0	1408	18	15663	4374	12122	20324	11461	7387	211	48	105	352	254	2436	5816	77	3575	2628	489	256	14525	7253	40	1514	27	3352	4306	184	1518	233	912	1692	822	637	20	7	1380	19	42811259
21_SD7472_H068_pH6.5	1223	89	90	143	14	0	749	14	8497	2242	6244	10422	5717	4023	150	20	54	230	147	1147	3518	47	1390	1198	178	106	7896	4030	20	807	22	1588	2553	98	831	135	494	936	906	595	11	2	737	14	26778228
22_SD7473_H069_pH6.5	4408	200	262	329	45	0	2166	29	24775	6874	20059	33105	17841	12264	421	63	164	421	408	3569	9226	212	5244	4161	707	365	22531	11641	65	2280	41	5292	7122	356	2578	389	1448	2741	1500	1133	29	0	2080	29	74563814
23_SD7474_H070_pH6.5	5628	244	321	489	44	0	2615	37	31801	8213	26315	46991	22367	15572	534	101	202	610	461	4239	11897	286	6965	5185	950	472	28721	16254	61	2839	56	6596	10265	404	3449	564	1893	3544	2210	1512	29	0	2559	37	117356357
24_SD7475_H071_pH6.5	2993	138	197	258	31	0	1530	37	18021	4822	13640	23562	12411	8441	290	43	138	382	287	2384	7679	198	3150	2539	405	189	17521	9344	41	1644	61	3628	6187	301	1908	338	1000	1891	2068	1199	20	3	1483	37	50064631
25_SD7476_H072_pH6.5	2058	55	72	125	20	2	1180	15	13126	3545	10614	17893	9096	6288	142	26	41	294	245	1671	5399	144	2258	1754	285	167	12382	6766	28	1278	29	2572	4424	213	1376	214	711	1530	1332	771	14	1	1139	18	43033189
26_SD7477_H073_pH6.5	6169	93	136	234	66	0	2847	42	36954	10009	27926	46804	24432	18699	321	52	191	749	651	4413	14816	289	5345	5120	706	324	35283	17094	81	3124	77	7202	10919	502	3319	648	1971	4227	4697	2581	52	3	2811	44	105422390
27_SD7478_H074_pH6.5	1495	35	32	63	27	0	797	20	9524	2442	6481	10527	6514	3967	121	28	70	239	194	1428	3837	81	1585	1242	178	101	8753	4420	31	867	45	1894	2847	151	916	109	527	959	730	573	23	3	796	23	22857846
28_SD7479_H075_pH6.5	2603	92	84	154	18	1	1475	21	16315	4213	12504	21205	11740	7457	165	33	83	408	270	2198	6797	146	2854	2049	364	186	15590	8355	25	1555	30	3320	5524	240	1634	276	907	1699	1664	1037	14	3	1420	23	46992973
29_SD7480_H076_pH6.5	3	0	0	0	0	0	8	2	32	10	18	37	39	16	1	0	1	4	0	8	20	0	7	5	0	0	38	14	1	8	0	9	14	1	6	0	3	5	5	5	0	0	8	2	61196
30_SD7481_H077_pH6.5	2381	48	64	119	24	0	1297	28	14375	3793	11263	19250	10892	6778	123	30	85	370	250	1995	6569	162	2491	1971	316	167	15329	8081	29	1380	33	3023	5454	264	1468	231	890	1590	1522	920	14	6	1255	28	41298897
31_SD7482_H078_pH6.5	1520	69	144	134	20	0	1054	13	10489	2659	8566	13686	7621	4427	175	24	70	237	182	1353	4589	92	2483	1601	376	186	10260	5981	22	1116	26	2176	3826	202	1140	219	624	1136	932	585	13	6	1020	13	27102223
32_SD7483_H079_pH6.5	1670	43	63	109	7	3	845	21	8889	2526	6977	12125	6988	4185	142	38	74	218	162	1485	3671	58	2004	1404	270	183	8771	4553	12	899	18	2143	2881	139	958	144	586	1089	517	451	4	0	842	21	24025990
33_SD7484_H080_pH6.5	1908	46	66	94	23	1	1007	8	11784	3188	8410	13845	8054	5340	136	24	93	301	192	1771	4640	117	1861	1679	220	123	10739	5679	29	1059	14	2395	3750	160	1076	167	668	1262	1151	705	17	0	966	8	30486342
34_SD7485_H081_pH6	2395	66	83	124	21	1	1282	28	13752	3781	10490	17532	10170	6314	185	25	100	305	244	2102	5563	84	2615	2097	349	178	13035	6614	39	1369	31	2905	4206	206	1301	204	858	1671	1030	742	16	1	1248	28	37673240
36_SD7487_H085_pH6	5207	226	326	406	65	0	2561	32	29214	7581	24682	41489	20878	13824	525	88	260	565	475	4016	11130	217	6797	4928	900	478	27098	14272	82	2721	79	6386	8744	377	2913	637	1803	3186	2019	1375	44	0	2489	35	92085633
37_SD7488_H086_pH6	4307	170	249	356	24	1	2161	38	23541	6366	19401	31133	17307	10882	401	67	195	517	361	3360	9605	241	5681	4058	762	444	22450	12747	36	2323	50	5023	8041	418	2702	436	1378	2691	1546	1114	21	0	2103	41	63388495
38_SD7489_H087_pH6	2634	86	87	106	32	1	1264	16	13725	3888	11107	20031	11058	6755	267	52	165	269	263	2253	5283	110	3694	2574	505	273	12722	7106	38	1376	23	3460	4268	168	1411	216	815	1232	489	515	22	0	1240	17	39666256
39_SD7490_H089_pH6	5067	322	329	389	69	1	2547	37	29567	7922	24569	40778	20456	14005	520	58	227	534	453	4068	11490	279	7718	5383	1059	540	27240	13907	101	2790	73	6479	8426	385	3289	593	1693	3455	2420	1609	46	0	2479	41	87698444
40_SD7491_H090_pH6	3086	126	118	204	17	2	1540	30	19934	5287	14470	24485	12941	9470	246	35	119	399	333	2775	7150	132	3468	2865	419	217	16886	8412	20	1647	42	3850	5285	254	1920	300	1053	2223	1569	1085	15	2	1484	30	64371003
41_SD7492_H091_pH6	1282	35	42	61	8	1	712	11	7938	2322	6060	9527	5847	3688	67	15	34	227	155	1342	3189	42	1490	1216	140	91	7369	3781	8	768	15	1721	2379	137	784	113	431	837	569	421	2	3	689	11	19846382
42_SD7493_H092_pH6	2945	67	68	125	45	0	1493	29	16187	4371	13920	22755	13352	7703	237	44	151	340	281	2893	6308	84	4700	3134	715	327	15096	8568	61	1584	42	3875	5264	215	1825	239	1000	1957	558	675	37	2	1439	30	45822627
43_SD7494_H093_pH6	4182	54	117	184	23	0	2075	28	22900	6222	20035	33054	18530	11339	306	92	167	407	368	3586	8580	133	6268	4227	964	479	21280	12349	40	2236	47	5175	7587	341	2716	472	1286	2630	845	990	13	0	2028	30	65489040
44_SD7495_H094_pH6	6130	152	212	289	40	1	2797	40	35023	9020	27919	48630	27111	16933	493	71	271	676	603	5172	12060	167	8286	6102	1158	642	31341	17293	63	3073	62	7521	10231	477	3456	557	1856	4330	1262	1402	33	0	2730	39	93686286
45_SD7496_H095_pH6	5609	87	140	185	59	0	2834	49	37558	10126	26553	43400	23779	17892	294	55	154	694	545	4435	13653	324	6571	5585	960	507	32315	15614	90	3073	82	6288	9845	503	2999	805	1722	4739	3035	2045	48	0	2766	50	97566227
46_SD7497_H096_pH6	7187	284	330	543	81	0	3315	66	42853	11249	33884	59505	28166	21693	672	123	353	817	696	5230	15505	332	8411	6998	1137	484	37660	18624	109	3613	107	8268	11699	522	4365	756	2653	5123	3596	2149	47	2	3231	66	146520826
47_SD7498_H097_pH6	4765	146	185	292	85	1	2382	65	24920	6670	21119	36986	20169	11735	451	94	262	542	428	3676	10488	197	6781	4760	942	498	25132	14168	111	2543	114	6008	8854	374	2781	452	1511	2818	1231	1127	58	0	2313	66	74186950
48_SD7499_H098_pH6	5962	179	199	375	70	0	2805	40	32936	8744	25947	43307	22904	15623	468	127	263	680	510	4744	12314	270	6792	5079	949	503	30017	15553	102	3052	72	6812	9600	449	3323	610	1728	3646	2082	1578	56	0	2752	41	91572050
49_SD7500_H099_pH6	1487	42	58	64	30	3	844	24	9328	2419	6530	11037	6560	4013	111	19	83	261	170	1613	3811	66	1755	1371	186	129	8834	4289	40	923	36	1913	2766	117	904	139	534	1007	679	527	18	4	820	24	23024539
50_SD7501_H100_pH6	3238	138	165	227	45	0	1606	39	16722	4733	13806	24490	14209	8122	325	64	187	358	311	2745	6940	146	4483	3244	673	389	16882	8979	55	1731	52	4210	5544	265	1882	301	1063	1865	818	736	34	0	1552	40	45780001
51_SD7502_H101_pH5.5	1856	40	65	74	20	3	927	11	9125	2941	7815	13074	7987	4722	215	29	139	252	201	1696	3770	64	2793	1828	408	190	8979	4467	23	987	17	2572	2594	128	911	145	545	663	216	346	12	1	907	10	23266406
52_SD7503_H102_pH5.5	3992	130	162	164	23	0	1881	23	19683	6106	16545	29637	16326	10252	389	73	227	363	390	3461	7929	119	6165	3988	809	394	19274	9724	43	2014	32	5272	5463	231	1937	376	1200	1849	774	764	16	0	1827	23	57045468
53_SD7504_H103_pH5.5	3777	155	218	323	20	0	1812	10	16927	5534	16321	25948	15009	9183	503	30	277	349	343	3086	7468	130	6339	4213	859	402	17607	8613	19	1946	21	5337	4734	181	2075	247	1165	1248	377	626	8	2	1765	13	47746479
54_SD7505_H104_pH5.5	4834	128	164	231	35	0	2153	30	23276	7007	20225	34188	20116	11713	495	63	320	422	438	4083	9760	166	6920	4850	978	515	23576	11807	49	2297	36	6956	6762	321	2476	402	1373	2079	633	906	30	0	2079	30	61969084
55_SD7506_H105_pH5.5	2381	82	78	138	14	0	1209	11	12064	3535	9739	16213	9854	5619	260	36	159	234	209	2183	4997	75	3356	2370	412	244	11684	5794	21	1281	13	3136	3485	139	1319	154	762	1254	436	507	10	0	1173	10	32563620
56_SD7507_H106_pH5.5	4926	186	251	325	48	0	2117	32	23969	7520	20788	35579	20634	12487	632	74	381	465	458	4028	9515	202	7479	5073	994	480	23465	11289	65	2243	53	7158	6160	280	2443	310	1503	2044	617	884	32	0	2047	33	65999021
57_SD7508_H107_pH5.5	3580	127	143	225	29	1	1635	16	15401	5097	14221	24081	13148	8588	388	52	217	318	292	2752	6552	132	5918	3681	818	345	15353	8034	41	1741	29	4656	4505	191	1735	207	974	1258	315	516	22	0	1583	17	46112756
58_SD7509_H109_pH5.5	4132	90	102	172	19	3	1849	16	19304	6038	17575	29228	16450	10608	387	55	273	378	363	3328	7823	114	6440	4306	835	418	19285	10091	28	2021	23	5384	5798	272	2007	233	1118	1429	812	800	12	1	1828	17	55430555
59_SD7510_H110_pH5.5	4981	92	116	211	25	1	2233	30	23711	7478	21859	36110	20333	13433	503	77	346	476	481	3905	9354	154	7834	5158	1017	472	22911	12064	39	2431	51	6880	6680	265	2520	261	1406	1821	732	831	15	2	2179	32	71913722
60_SD7511_H111_pH5.5	1246	43	49	55	23	0	708	13	6507	1977	5018	8446	5648	3109	127	31	80	151	150	1354	2792	43	2073	1449	245	139	6459	2993	33	750	23	1695	1840	101	695	114	479	703	225	302	19	1	661	15	16520806
61_SD7512_H113_pH5.5	1996	46	80	116	28	1	982	20	9864	2876	8059	13516	8392	4818	211	29	136	218	207	1810	4010	64	3088	1971	392	198	9506	4714	38	1071	31	2692	2735	111	1123	153	627	831	279	404	17	0	954	22	24753808
62_SD7513_H114_pH5.5	800	25	25	40	9	1	454	1	3877	1225	3521	6033	3788	1999	83	10	58	102	96	888	1811	29	1440	934	187	69	4010	2311	10	491	1	1189	1486	42	417	49	289	311	87	162	6	2	441	1	12039388
63_SD7514_H115_pH5.5	3223	142	162	171	16	0	1472	16	16201	4964	13868	22424	13434	8321	359	51	222	338	284	2799	6375	106	5524	3614	791	377	15581	7644	25	1616	26	4250	4297	187	1684	305	986	1530	609	676	12	3	1430	17	42227730
64_SD7515_H116_pH5.5	3422	85	102	123	17	2	1508	26	16631	5043	14276	24180	14535	8402	369	52	272	355	362	2958	6714	112	5138	3770	705	344	16236	7943	31	1655	33	4705	4434	180	1763	256	974	1375	471	656	13	0	1456	28	44937088
65_SD7516_H117_pH5.5	3938	79	114	169	30	1	1890	22	20557	5886	16683	27233	16227	10057	397	110	260	350	345	3473	7917	133	6060	4318	788	384	19468	9665	38	2050	40	5210	5616	245	1937	343	1249	1984	700	783	22	0	1839	27	54106774
66_SD7517_H119_pH5.5	4388	88	118	140	55	0	1929	21	21159	7071	18789	31074	18229	11923	455	65	345	426	430	3729	8277	127	7194	4822	929	447	20446	9991	71	2096	40	6143	5415	212	2109	285	1349	1494	451	812	38	0	1874	22	59611258
67_SD7518_H120_pH5.5	4178	87	145	170	51	0	2406	35	19061	5660	19812	33634	17862	9508	371	100	225	374	296	3553	9185	174	7713	4782	1211	621	21650	12703	72	2555	62	6167	7709	439	2231	338	1518	1812	504	648	32	0	2333	41	60410793
68_SD7519_S121	4482	68	69	113	30	0	1860	25	20705	6635	17974	30367	17239	11699	386	20	313	415	401	3450	8177	146	6457	4264	895	343	19990	10578	39	2006	35	5873	6186	279	1928	199	1104	1420	901	859	18	1	1832	25	58452978
69_SD7520_S122	2802	48	53	63	18	0	1317	22	13039	4324	11960	19887	11083	7442	303	46	238	284	289	2288	5589	75	4270	2964	632	243	12957	6604	26	1394	31	3789	3660	151	1422	125	818	852	334	464	11	0	1293	23	38648582
70_SD7521_S123	1410	25	19	23	3	0	676	2	5839	2265	5270	8193	5159	3752	129	6	111	148	143	1057	2518	32	2427	1370	340	133	5669	3118	4	726	5	1793	1647	66	653	49	318	384	86	201	1	0	647	2	14994537
71_SD7522_S124	2669	39	27	62	14	0	1268	25	11846	4169	10770	17481	10667	7062	237	17	186	274	274	2163	5009	66	4453	2988	633	262	11831	5984	18	1331	29	3684	3327	159	1160	89	637	772	281	435	7	0	1243	25	32164046
72_SD7523_S125	9607	111	126	206	68	0	3960	37	40011	13357	39934	67594	37451	25044	975	97	793	712	836	6622	16451	227	17293	10307	2392	958	42220	21491	81	4356	50	13239	11480	493	3992	286	2247	2418	538	1290	51	1	3888	38	122726151
73_SD7524_S126	1087	3	5	6	15	0	570	12	4795	1789	4147	7003	4527	2955	95	14	79	146	123	960	2192	35	1950	1124	268	108	5144	2860	22	625	14	1590	1581	70	473	21	295	355	64	181	9	0	574	12	13493034
74_SD7525_S127	3454	27	25	55	6	0	1746	4	14662	5171	14417	23859	13089	9538	210	18	166	265	306	2534	6291	88	6513	3619	926	355	15088	8387	7	1891	9	4784	4618	199	1534	48	799	1010	127	417	5	1	1708	4	45860990
75_SD7526_S128	3518	36	33	57	22	0	1558	16	15588	5286	14090	23038	13400	9458	321	35	255	334	330	2703	5909	98	5842	3674	834	345	14565	7393	28	1667	15	4614	3893	135	1389	70	799	885	185	488	20	2	1529	16	44214688
76_SD7527_S129	2278	50	35	66	16	0	1054	15	9854	3346	9164	14563	8860	5631	247	19	176	202	223	1886	4164	51	3882	2428	535	209	9915	4977	19	1115	19	3188	2709	109	1053	83	568	621	161	360	14	1	1021	15	27030406
77_SD7528_S130	2491	19	13	37	15	0	1127	5	10585	3682	9816	15151	9167	6693	225	18	181	216	238	1935	4499	64	4617	2732	621	276	10809	5336	20	1202	10	3390	2825	131	1044	36	553	632	95	328	16	2	1094	5	30773329
78_SD7529_S131	3654	78	85	120	12	1	1615	14	15539	5492	15239	24675	14321	9692	428	35	291	296	350	2812	6507	85	6979	4026	932	411	15795	8481	20	1752	22	5110	4602	200	1792	99	935	1008	180	557	8	0	1571	14	44489134
79_SD7530_S132	3022	37	27	32	11	0	1360	10	13183	4460	11796	20141	11891	7942	252	13	219	266	251	2275	5273	77	4982	3103	682	317	12804	6959	17	1448	13	4407	3717	144	1322	62	749	798	158	406	3	0	1340	11	35034875
80_SD7531_S133	3826	95	102	126	22	0	1734	19	18340	5925	16520	27210	15780	10305	414	32	299	360	371	2955	7514	144	6083	3996	842	386	18185	9221	29	1884	25	5141	5311	244	1854	183	1046	1388	778	778	15	2	1705	20	51824521
81_SD7532_S134	4134	51	54	92	31	0	1817	29	18466	6112	16669	27612	15673	10871	347	35	302	358	394	3014	7230	128	6150	4008	915	354	17643	9369	38	1975	32	5265	5157	235	1787	135	1041	1241	478	713	16	1	1786	30	53472339
82_SD7533_S135	4244	75	85	70	35	0	1756	41	19306	6530	17316	28324	16415	11140	461	54	394	382	448	3309	7539	92	6911	4490	905	390	18513	8933	44	1904	62	5521	5009	211	1810	160	1092	1352	487	766	27	7	1704	42	55759709
83_SD7534_S136	4048	44	44	56	16	0	1828	8	17893	6296	17248	27836	15950	11022	378	34	328	412	423	3220	7519	100	7153	4611	988	391	18519	8847	27	1954	14	5867	4818	175	1814	106	968	1180	236	673	11	2	1784	9	55998759
84_SD7535_S137	4824	68	59	113	21	0	2168	23	21343	7318	19954	32947	19395	12971	547	41	420	417	474	3834	8919	105	8257	5091	1078	465	22198	11104	28	2359	27	6817	6124	238	2085	136	1141	1329	292	707	18	0	2141	23	61269236
85_SD7536_S138	2675	16	13	37	8	0	1207	6	11819	4181	10253	16839	10248	7358	222	17	210	243	254	2037	4658	88	4486	2695	599	241	11259	6137	8	1292	11	3847	3381	118	1038	38	705	770	104	405	7	0	1183	6	32941333
86_SD7537_S139	1642	11	12	16	11	0	786	3	7383	2504	6581	10614	6480	4335	127	6	92	153	154	1401	2880	27	2846	1607	370	162	6936	3941	12	834	5	2265	2152	53	733	29	441	459	70	209	10	0	761	3	20488883
87_SD7538_S140	4520	45	36	57	30	1	2098	17	18687	6438	18015	30623	17079	11640	347	40	286	377	404	3192	8065	121	7802	4706	1106	394	19746	10780	36	2238	24	6403	6102	253	1831	86	1046	1080	190	563	21	1	2053	17	60168416
88_SD7539_S141	1017	14	7	10	0	0	555	8	4811	1636	3957	6091	3667	3006	32	0	20	111	85	759	1873	27	1781	1014	266	121	4325	2528	2	584	1	1328	1390	67	426	12	239	239	23	101	0	1	547	7	12050388
89_SD7540_S142	688	16	4	24	0	0	329	3	3130	1103	2752	3885	2616	1995	12	2	14	82	51	571	1137	16	1077	626	202	67	2576	1600	0	339	0	856	784	21	236	9	144	147	11	64	0	0	319	3	8029360
90_SD7541_S143	1199	26	18	59	0	1	614	1	5361	2016	4863	7138	4173	3719	40	2	27	107	62	843	2069	23	2107	1172	290	142	4680	2827	2	659	1	1422	1469	53	439	19	237	271	65	100	0	0	602	0	15427687
91_SD7542_S144	1570	28	39	47	7	0	864	8	8553	2757	7139	11504	6751	4848	92	15	47	185	141	1250	3536	47	2539	1582	362	144	8218	4793	7	950	10	2098	2802	100	791	72	465	611	463	329	7	1	846	NA	22999463
93_SD7544_S146	1116	20	18	34	4	0	650	1	5278	2107	4640	6960	4445	3696	45	4	26	103	69	819	2183	23	2034	1079	252	126	4841	2899	3	702	2	1396	1560	82	479	34	279	290	103	116	2	0	650	0	13813366
94_SD7545_S147	2451	29	24	59	2	1	1391	7	11892	4639	10978	15931	9508	9028	77	1	48	202	147	1599	4098	42	4418	2538	621	281	9907	6552	1	1479	4	3171	3394	186	1218	24	670	509	157	246	1	0	1407	5	30773388
95_SD7546_S148	1226	19	16	35	2	1	686	4	5890	2215	5023	7552	4442	3963	20	7	11	118	85	895	2169	17	2045	1136	307	105	4836	3170	5	761	4	1514	1666	40	488	19	313	295	94	139	1	2	685	5	15384523
96_SD7547_S149	662	5	4	8	0	0	377	1	3066	1257	2677	3916	2604	2131	9	3	7	73	44	483	1263	12	1108	639	179	68	2819	1781	0	388	0	895	982	39	274	8	161	136	13	63	0	1	366	1	7610304
97_SD7548_S150	4698	67	43	176	3	0	2314	2	21139	7481	21146	31239	16202	16389	139	12	79	278	172	2448	6952	62	9111	4827	1298	452	17043	10830	2	2507	3	5476	5570	261	1868	15	1086	929	86	253	2	1	2321	1	71960988
98_SD7549_S151	1447	9	12	28	1	0	749	4	6854	2506	6156	9492	5410	4591	31	9	22	129	93	954	2690	21	2617	1446	395	137	6177	3758	3	761	3	2034	1965	83	579	12	332	276	28	119	1	0	716	1	18819383
99_SD7550_S152	793	9	3	10	1	0	455	4	3869	1395	3330	5385	3237	2467	35	2	40	75	76	634	1712	12	1517	765	222	100	3726	2293	0	489	2	1308	1255	47	344	16	232	192	41	99	0	0	451	5	10299160
100_SD7551_S153	1317	22	21	21	9	2	697	5	6881	2164	5477	9070	5373	3839	55	7	39	167	115	1049	2694	47	1967	1159	277	113	6307	3630	9	744	5	1695	2184	91	537	50	354	453	312	263	9	1	688	5	18812126
101_SD7552_S154	989	11	22	25	3	2	530	4	5346	1759	4095	6242	3906	3109	34	4	27	128	85	871	1971	22	1495	997	228	66	4611	2669	1	585	4	1312	1433	47	423	40	246	306	182	147	0	1	533	4	12812863
102_SD7553_S155	651	16	3	21	0	0	451	7	3386	1124	2823	4331	2774	1955	21	4	9	83	63	554	1434	17	1176	657	151	77	3245	1924	1	474	2	916	1069	54	329	9	170	229	90	90	0	0	444	6	9022561
103_SD7554_S156	679	5	6	11	2	0	408	2	3318	1226	2875	4452	2996	2080	15	5	13	83	54	571	1392	11	1201	699	198	96	3128	1997	3	412	1	978	1158	42	332	11	153	173	67	80	1	0	395	2	8243891
104_SD7555_S157	1301	16	18	57	0	1	722	6	6346	2458	5681	8322	5100	4500	45	2	25	101	83	835	2205	20	2742	1523	371	161	5062	3709	1	782	3	1804	1848	82	606	23	410	237	99	160	0	0	711	4	16062801
105_SD7556_S158	1099	11	11	34	4	1	689	2	5802	2347	5376	8369	4868	4360	21	1	10	92	79	748	1997	4	2628	1450	409	170	4474	3372	0	737	0	1607	1680	84	541	17	339	176	37	94	0	0	675	1	14910947
106_SD7557_S159	3800	23	7	30	0	0	1983	10	17707	6532	16766	26457	14066	13428	39	5	21	261	145	2056	5760	38	8410	4641	1195	414	13572	9426	2	2149	0	5234	4419	205	1426	22	942	460	58	194	0	0	2015	0	47006924
107_SD7558_S160	685	6	7	14	1	0	476	1	3640	1469	3281	4597	2950	2735	18	4	14	80	52	525	1337	8	1502	804	224	86	2932	2010	0	512	0	996	1006	51	357	14	213	118	11	59	0	0	474	1	8820948
108_SD7559_S161	1600	13	6	47	0	0	997	5	7060	2929	7517	11489	6234	5822	31	3	24	107	94	976	2528	12	4232	2414	656	211	5692	4237	1	1069	0	2031	1994	76	761	9	491	271	20	109	0	0	980	0	21344865
109_SD7560_S162	2220	15	17	51	1	0	1334	13	10752	4395	10511	15854	9430	8481	34	2	29	165	131	1433	3596	7	5189	2649	724	284	8516	6256	0	1423	1	3078	2890	112	1128	15	631	334	53	166	1	0	1328	4	27557694
110_SD7561_S163	584	29	24	62	2	0	349	5	2853	911	3081	4510	2469	1956	51	5	30	54	50	454	1135	3	1833	1026	266	92	2525	1820	1	375	1	824	950	45	303	10	247	129	16	50	1	0	349	4	10453537
111_SD7562_S164	1026	27	8	59	0	0	633	10	4915	1974	4691	7303	4179	3590	32	0	15	86	70	671	1788	7	2427	1360	375	172	4055	2958	0	708	1	1304	1534	82	412	18	260	162	44	78	0	0	647	5	14989596
112_SD7563_S165	1978	35	32	108	2	0	1135	9	9573	3757	9256	13685	7385	7290	75	6	28	147	107	1217	3063	25	4132	2377	620	197	7374	5208	4	1212	1	2331	2720	107	853	28	654	342	114	180	2	0	1129	2	30687279
113_SD7564_S166	720	19	17	33	6	0	427	7	4386	1380	3556	5924	3509	2377	40	10	19	121	89	648	1840	28	1497	856	202	68	4014	2448	8	460	3	1087	1396	66	399	38	235	318	298	188	5	1	427	5	11793351
114_SD7565_S167	899	13	15	37	3	0	604	5	4863	1802	4130	6493	3851	3321	25	4	22	111	73	743	1768	6	1985	1160	294	92	4033	2707	2	628	2	1296	1390	64	463	28	337	261	120	137	2	1	596	5	12394283
115_SD7566_S168	804	6	5	25	2	0	441	10	3827	1362	3708	5346	3264	2359	16	1	14	64	53	623	1525	19	1762	988	276	110	3425	2415	5	477	3	996	1322	73	442	19	324	162	92	97	2	0	430	7	9702263
116_SD7567_S169	1574	15	18	32	1	1	1007	5	7733	2923	7956	11128	6388	5568	49	5	25	129	136	1149	2874	22	3952	2264	542	228	6482	4504	2	1070	1	1988	2259	101	920	28	591	298	148	178	0	0	1016	2	23194224
117_SD7568_S170	1530	14	5	13	0	0	875	5	7697	2998	6936	10766	6150	5787	21	2	11	129	107	1030	2654	10	3309	1827	485	149	6075	4131	1	937	0	2184	2068	85	715	8	475	277	71	146	0	0	866	1	21141227
118_SD7569_S171	186	10	2	6	0	1	146	3	1152	517	1004	1555	1000	884	8	0	2	29	24	236	467	1	583	305	94	26	944	704	2	155	0	351	386	10	87	6	81	46	2	20	3	0	146	2	3036380
119_SD7570_S172	785	8	8	19	1	0	519	2	4058	1669	4226	5949	3550	3131	14	4	12	74	66	598	1442	12	2196	1228	387	135	3370	2545	0	552	0	1099	1196	50	483	2	338	124	26	58	0	0	516	1	11946996
120_SD7571_S173	1922	15	14	37	2	0	1199	9	9569	3774	9211	14223	7348	7734	38	5	18	136	92	1184	3138	9	4580	2635	586	209	7360	5004	2	1295	0	2590	2429	101	938	13	586	281	55	147	2	0	1239	4	30648360
121_SD7572_S174	2080	28	10	47	1	0	1186	18	10032	3757	9322	14072	7589	7697	39	4	22	176	136	1279	3230	5	4711	2516	626	247	7468	5331	0	1294	1	2638	2449	96	808	9	524	288	61	122	0	0	1198	9	26982925
122_SD7573_S175	1446	21	17	72	2	1	889	5	7622	2981	7275	10115	5920	5783	39	2	24	106	104	976	2583	18	3270	1913	518	194	5811	3962	2	958	0	1876	1960	92	770	20	453	278	58	122	2	0	877	2	22388470
